,video_id,video_url,trending_position,trending_date,trending_datetime
0,lKrLBPmRsrM,https://youtu.be/lKrLBPmRsrM,1,2022-07-09,2022-07-09 12:37:40
1,uwllF3lvGLQ,https://youtu.be/uwllF3lvGLQ,2,2022-07-09,2022-07-09 12:37:40
2,5mYDyxMDwaw,https://youtu.be/5mYDyxMDwaw,3,2022-07-09,2022-07-09 12:37:40
3,dYRITmpFbJ4,https://youtu.be/dYRITmpFbJ4,4,2022-07-09,2022-07-09 12:37:40
4,37cGDXk4bRo,https://youtu.be/37cGDXk4bRo,5,2022-07-09,2022-07-09 12:37:40
5,EDZ25anwgjc,https://youtu.be/EDZ25anwgjc,6,2022-07-09,2022-07-09 12:37:40
6,hxWSp-8jJuo,https://youtu.be/hxWSp-8jJuo,7,2022-07-09,2022-07-09 12:37:40
7,N4PPGuW7czQ,https://youtu.be/N4PPGuW7czQ,8,2022-07-09,2022-07-09 12:37:40
8,yPq82zClQ-g,https://youtu.be/yPq82zClQ-g,9,2022-07-09,2022-07-09 12:37:40
9,Ri_VVDbpkdY,https://youtu.be/Ri_VVDbpkdY,10,2022-07-09,2022-07-09 12:37:40
10,nEAJQ6H5dSI,https://youtu.be/nEAJQ6H5dSI,11,2022-07-09,2022-07-09 12:37:40
11,Mp7y7PqKzsE,https://youtu.be/Mp7y7PqKzsE,12,2022-07-09,2022-07-09 12:37:40
12,87nG3LuabUs,https://youtu.be/87nG3LuabUs,13,2022-07-09,2022-07-09 12:37:40
13,uRfnVY28x1k,https://youtu.be/uRfnVY28x1k,14,2022-07-09,2022-07-09 12:37:40
14,uRHjd8GZc78,https://youtu.be/uRHjd8GZc78,15,2022-07-09,2022-07-09 12:37:40
15,ZwoOzdHlq9w,https://youtu.be/ZwoOzdHlq9w,16,2022-07-09,2022-07-09 12:37:40
16,JEAu7ipDojo,https://youtu.be/JEAu7ipDojo,17,2022-07-09,2022-07-09 12:37:40
17,U9n-2RxMfa4,https://youtu.be/U9n-2RxMfa4,18,2022-07-09,2022-07-09 12:37:40
18,7PPOZ9UmrOA,https://youtu.be/7PPOZ9UmrOA,19,2022-07-09,2022-07-09 12:37:40
19,h6epv1BfL-c,https://youtu.be/h6epv1BfL-c,20,2022-07-09,2022-07-09 12:37:40
20,lW7VOqIo33Y,https://youtu.be/lW7VOqIo33Y,21,2022-07-09,2022-07-09 12:37:40
21,fgy4WZ9ta7E,https://youtu.be/fgy4WZ9ta7E,22,2022-07-09,2022-07-09 12:37:40
22,jiwrNIx2b78,https://youtu.be/jiwrNIx2b78,23,2022-07-09,2022-07-09 12:37:40
23,t6ySmLdemic,https://youtu.be/t6ySmLdemic,24,2022-07-09,2022-07-09 12:37:40
24,AfsH6XcbRiw,https://youtu.be/AfsH6XcbRiw,25,2022-07-09,2022-07-09 12:37:40
25,PVeTDxCwGLE,https://youtu.be/PVeTDxCwGLE,26,2022-07-09,2022-07-09 12:37:40
26,iO24VRJAwVU,https://youtu.be/iO24VRJAwVU,27,2022-07-09,2022-07-09 12:37:40
27,dIQGI36BxDE,https://youtu.be/dIQGI36BxDE,28,2022-07-09,2022-07-09 12:37:40
28,lZcGd0mrEpo,https://youtu.be/lZcGd0mrEpo,29,2022-07-09,2022-07-09 12:37:40
29,4dESmtswQ58,https://youtu.be/4dESmtswQ58,30,2022-07-09,2022-07-09 12:37:40
30,ESlIywxS5hY,https://youtu.be/ESlIywxS5hY,31,2022-07-09,2022-07-09 12:37:40
31,rlqWZy7A7ds,https://youtu.be/rlqWZy7A7ds,32,2022-07-09,2022-07-09 12:37:40
32,FsNGxsrcZas,https://youtu.be/FsNGxsrcZas,33,2022-07-09,2022-07-09 12:37:40
33,g8pf2jmkRZo,https://youtu.be/g8pf2jmkRZo,34,2022-07-09,2022-07-09 12:37:40
34,BN8rQ8EVxnQ,https://youtu.be/BN8rQ8EVxnQ,35,2022-07-09,2022-07-09 12:37:40
35,8Q_sebGRkAM,https://youtu.be/8Q_sebGRkAM,36,2022-07-09,2022-07-09 12:37:40
36,7InqrH1TCI8,https://youtu.be/7InqrH1TCI8,37,2022-07-09,2022-07-09 12:37:40
37,17Y2hKLzh2Y,https://youtu.be/17Y2hKLzh2Y,38,2022-07-09,2022-07-09 12:37:40
38,WVyUMjcnNvQ,https://youtu.be/WVyUMjcnNvQ,39,2022-07-09,2022-07-09 12:37:40
39,X8c9MNP-ZKg,https://youtu.be/X8c9MNP-ZKg,40,2022-07-09,2022-07-09 12:37:40
40,T1QUEKLNPtA,https://youtu.be/T1QUEKLNPtA,41,2022-07-09,2022-07-09 12:37:40
41,A_g3lMcWVy0,https://youtu.be/A_g3lMcWVy0,42,2022-07-09,2022-07-09 12:37:40
42,atGaHR_7-z8,https://youtu.be/atGaHR_7-z8,43,2022-07-09,2022-07-09 12:37:40
43,8Rsi0L-eazs,https://youtu.be/8Rsi0L-eazs,44,2022-07-09,2022-07-09 12:37:40
44,0_lFOqQDRx0,https://youtu.be/0_lFOqQDRx0,45,2022-07-09,2022-07-09 12:37:40
45,GLs2xxM0e78,https://youtu.be/GLs2xxM0e78,46,2022-07-09,2022-07-09 12:37:40
46,agyTmQ-UOWg,https://youtu.be/agyTmQ-UOWg,47,2022-07-09,2022-07-09 12:37:40
47,4Z5W6rSmJbo,https://youtu.be/4Z5W6rSmJbo,48,2022-07-09,2022-07-09 12:37:40
48,R8x7cdEbscQ,https://youtu.be/R8x7cdEbscQ,49,2022-07-09,2022-07-09 12:37:40
49,mTKZ78yVpPM,https://youtu.be/mTKZ78yVpPM,50,2022-07-09,2022-07-09 12:37:40
50,DPMluEVUqS0,https://youtu.be/DPMluEVUqS0,51,2022-07-09,2022-07-09 12:37:40
51,WB4LhvhLzlw,https://youtu.be/WB4LhvhLzlw,52,2022-07-09,2022-07-09 12:37:40
52,xcGiyOxZpCw,https://youtu.be/xcGiyOxZpCw,57,2022-07-09,2022-07-09 12:37:40
53,bM6ren2tPU8,https://youtu.be/bM6ren2tPU8,59,2022-07-09,2022-07-09 12:37:40
54,4-scgxYeVdc,https://youtu.be/4-scgxYeVdc,60,2022-07-09,2022-07-09 12:37:40
55,clqcg1FZrnI,https://youtu.be/clqcg1FZrnI,62,2022-07-09,2022-07-09 12:37:40
56,JZpnVTc7BPM,https://youtu.be/JZpnVTc7BPM,66,2022-07-09,2022-07-09 12:37:40
57,mpDrrasELK0,https://youtu.be/mpDrrasELK0,68,2022-07-09,2022-07-09 12:37:40
58,venrE8gdz30,https://youtu.be/venrE8gdz30,69,2022-07-09,2022-07-09 12:37:40
59,up8ODGFWgFg,https://youtu.be/up8ODGFWgFg,71,2022-07-09,2022-07-09 12:37:40
60,3yFu0IbJZPw,https://youtu.be/3yFu0IbJZPw,72,2022-07-09,2022-07-09 12:37:40
61,pKdBFeewZYE,https://youtu.be/pKdBFeewZYE,74,2022-07-09,2022-07-09 12:37:40
62,MnrC9mk2H1o,https://youtu.be/MnrC9mk2H1o,76,2022-07-09,2022-07-09 12:37:40
63,_s89AJJVTWs,https://youtu.be/_s89AJJVTWs,77,2022-07-09,2022-07-09 12:37:40
64,lqJOMjdO390,https://youtu.be/lqJOMjdO390,80,2022-07-09,2022-07-09 12:37:40
65,onNGhGrLoGg,https://youtu.be/onNGhGrLoGg,83,2022-07-09,2022-07-09 12:37:40
66,CvPnthTC1WQ,https://youtu.be/CvPnthTC1WQ,84,2022-07-09,2022-07-09 12:37:40
67,uImFHteQd_8,https://youtu.be/uImFHteQd_8,88,2022-07-09,2022-07-09 12:37:40
68,JiY8qDry6p8,https://youtu.be/JiY8qDry6p8,89,2022-07-09,2022-07-09 12:37:40
69,1emA1EFsPMM,https://youtu.be/1emA1EFsPMM,90,2022-07-09,2022-07-09 12:37:40
70,Y4PHEQLgMEo,https://youtu.be/Y4PHEQLgMEo,91,2022-07-09,2022-07-09 12:37:40
71,_hqhHsP8yrQ,https://youtu.be/_hqhHsP8yrQ,92,2022-07-09,2022-07-09 12:37:40
72,Xpx3tit9r58,https://youtu.be/Xpx3tit9r58,94,2022-07-09,2022-07-09 12:37:40
73,RjrA-slMoZ4,https://youtu.be/RjrA-slMoZ4,95,2022-07-09,2022-07-09 12:37:40
74,J-698XtTO1Y,https://youtu.be/J-698XtTO1Y,96,2022-07-09,2022-07-09 12:37:40
0,fDYnJRhv_fs,https://youtu.be/fDYnJRhv_fs,1,2022-07-10,2022-07-10 09:29:05
1,3lFeUuNPEy0,https://youtu.be/3lFeUuNPEy0,2,2022-07-10,2022-07-10 09:29:05
2,51bF3tzEkLQ,https://youtu.be/51bF3tzEkLQ,3,2022-07-10,2022-07-10 09:29:05
3,vsYgJo_c-mc,https://youtu.be/vsYgJo_c-mc,4,2022-07-10,2022-07-10 09:29:05
4,cmCZ27U_-wg,https://youtu.be/cmCZ27U_-wg,5,2022-07-10,2022-07-10 09:29:05
5,eCxMJZBxGwQ,https://youtu.be/eCxMJZBxGwQ,6,2022-07-10,2022-07-10 09:29:05
6,j0GXTy3QoBo,https://youtu.be/j0GXTy3QoBo,7,2022-07-10,2022-07-10 09:29:05
7,uwllF3lvGLQ,https://youtu.be/uwllF3lvGLQ,8,2022-07-10,2022-07-10 09:29:05
8,Rl0HxN5YBwE,https://youtu.be/Rl0HxN5YBwE,9,2022-07-10,2022-07-10 09:29:05
9,miO4nTBDois,https://youtu.be/miO4nTBDois,10,2022-07-10,2022-07-10 09:29:05
10,i9E1_yNEXi0,https://youtu.be/i9E1_yNEXi0,11,2022-07-10,2022-07-10 09:29:05
11,lKrLBPmRsrM,https://youtu.be/lKrLBPmRsrM,12,2022-07-10,2022-07-10 09:29:05
12,IFrgFRHk-oU,https://youtu.be/IFrgFRHk-oU,13,2022-07-10,2022-07-10 09:29:05
13,EDZ25anwgjc,https://youtu.be/EDZ25anwgjc,14,2022-07-10,2022-07-10 09:29:05
14,amuRIydCoJk,https://youtu.be/amuRIydCoJk,15,2022-07-10,2022-07-10 09:29:05
15,0QorEJOCf3g,https://youtu.be/0QorEJOCf3g,16,2022-07-10,2022-07-10 09:29:05
16,dYRITmpFbJ4,https://youtu.be/dYRITmpFbJ4,17,2022-07-10,2022-07-10 09:29:05
17,cwxtUzIa2pU,https://youtu.be/cwxtUzIa2pU,18,2022-07-10,2022-07-10 09:29:05
18,3OByv5luEjc,https://youtu.be/3OByv5luEjc,19,2022-07-10,2022-07-10 09:29:05
19,iLwx2HtJhA8,https://youtu.be/iLwx2HtJhA8,20,2022-07-10,2022-07-10 09:29:05
20,hxWSp-8jJuo,https://youtu.be/hxWSp-8jJuo,21,2022-07-10,2022-07-10 09:29:05
21,ZabQgyzhR04,https://youtu.be/ZabQgyzhR04,22,2022-07-10,2022-07-10 09:29:05
22,aAU1DRMndg8,https://youtu.be/aAU1DRMndg8,23,2022-07-10,2022-07-10 09:29:05
23,37cGDXk4bRo,https://youtu.be/37cGDXk4bRo,24,2022-07-10,2022-07-10 09:29:05
24,DuAeaIcAXtg,https://youtu.be/DuAeaIcAXtg,25,2022-07-10,2022-07-10 09:29:05
25,5mYDyxMDwaw,https://youtu.be/5mYDyxMDwaw,26,2022-07-10,2022-07-10 09:29:05
26,G5VThZXPgAQ,https://youtu.be/G5VThZXPgAQ,27,2022-07-10,2022-07-10 09:29:05
27,-7bIDbaU_zQ,https://youtu.be/-7bIDbaU_zQ,28,2022-07-10,2022-07-10 09:29:05
28,5l5vI6oEzOI,https://youtu.be/5l5vI6oEzOI,29,2022-07-10,2022-07-10 09:29:05
29,Ri_VVDbpkdY,https://youtu.be/Ri_VVDbpkdY,30,2022-07-10,2022-07-10 09:29:05
30,r2e-Wa2WCxI,https://youtu.be/r2e-Wa2WCxI,31,2022-07-10,2022-07-10 09:29:05
31,N4PPGuW7czQ,https://youtu.be/N4PPGuW7czQ,32,2022-07-10,2022-07-10 09:29:05
32,nEAJQ6H5dSI,https://youtu.be/nEAJQ6H5dSI,33,2022-07-10,2022-07-10 09:29:05
33,yPq82zClQ-g,https://youtu.be/yPq82zClQ-g,34,2022-07-10,2022-07-10 09:29:05
34,HBIA4_AO4X4,https://youtu.be/HBIA4_AO4X4,35,2022-07-10,2022-07-10 09:29:05
35,Mp7y7PqKzsE,https://youtu.be/Mp7y7PqKzsE,36,2022-07-10,2022-07-10 09:29:05
36,uRfnVY28x1k,https://youtu.be/uRfnVY28x1k,37,2022-07-10,2022-07-10 09:29:05
37,87nG3LuabUs,https://youtu.be/87nG3LuabUs,38,2022-07-10,2022-07-10 09:29:05
38,JKP5JY2Mm3E,https://youtu.be/JKP5JY2Mm3E,39,2022-07-10,2022-07-10 09:29:05
39,uRHjd8GZc78,https://youtu.be/uRHjd8GZc78,40,2022-07-10,2022-07-10 09:29:05
40,JEAu7ipDojo,https://youtu.be/JEAu7ipDojo,41,2022-07-10,2022-07-10 09:29:05
41,86DqjR5iP5k,https://youtu.be/86DqjR5iP5k,42,2022-07-10,2022-07-10 09:29:05
42,U9n-2RxMfa4,https://youtu.be/U9n-2RxMfa4,43,2022-07-10,2022-07-10 09:29:05
43,fgy4WZ9ta7E,https://youtu.be/fgy4WZ9ta7E,44,2022-07-10,2022-07-10 09:29:05
44,lW7VOqIo33Y,https://youtu.be/lW7VOqIo33Y,45,2022-07-10,2022-07-10 09:29:05
45,h6epv1BfL-c,https://youtu.be/h6epv1BfL-c,46,2022-07-10,2022-07-10 09:29:05
46,7PPOZ9UmrOA,https://youtu.be/7PPOZ9UmrOA,47,2022-07-10,2022-07-10 09:29:05
47,ZwoOzdHlq9w,https://youtu.be/ZwoOzdHlq9w,48,2022-07-10,2022-07-10 09:29:05
48,FbkWJNGklO4,https://youtu.be/FbkWJNGklO4,49,2022-07-10,2022-07-10 09:29:05
49,AfsH6XcbRiw,https://youtu.be/AfsH6XcbRiw,50,2022-07-10,2022-07-10 09:29:05
50,DPMluEVUqS0,https://youtu.be/DPMluEVUqS0,51,2022-07-10,2022-07-10 09:29:05
51,WB4LhvhLzlw,https://youtu.be/WB4LhvhLzlw,52,2022-07-10,2022-07-10 09:29:05
52,T1QUEKLNPtA,https://youtu.be/T1QUEKLNPtA,54,2022-07-10,2022-07-10 09:29:05
53,xcGiyOxZpCw,https://youtu.be/xcGiyOxZpCw,60,2022-07-10,2022-07-10 09:29:05
54,dIQGI36BxDE,https://youtu.be/dIQGI36BxDE,61,2022-07-10,2022-07-10 09:29:05
55,clqcg1FZrnI,https://youtu.be/clqcg1FZrnI,64,2022-07-10,2022-07-10 09:29:05
56,4-scgxYeVdc,https://youtu.be/4-scgxYeVdc,65,2022-07-10,2022-07-10 09:29:05
57,4dESmtswQ58,https://youtu.be/4dESmtswQ58,66,2022-07-10,2022-07-10 09:29:05
58,JZpnVTc7BPM,https://youtu.be/JZpnVTc7BPM,71,2022-07-10,2022-07-10 09:29:05
59,iO24VRJAwVU,https://youtu.be/iO24VRJAwVU,73,2022-07-10,2022-07-10 09:29:05
60,mpDrrasELK0,https://youtu.be/mpDrrasELK0,75,2022-07-10,2022-07-10 09:29:05
61,bM6ren2tPU8,https://youtu.be/bM6ren2tPU8,76,2022-07-10,2022-07-10 09:29:05
62,agyTmQ-UOWg,https://youtu.be/agyTmQ-UOWg,77,2022-07-10,2022-07-10 09:29:05
63,venrE8gdz30,https://youtu.be/venrE8gdz30,78,2022-07-10,2022-07-10 09:29:05
64,up8ODGFWgFg,https://youtu.be/up8ODGFWgFg,81,2022-07-10,2022-07-10 09:29:05
65,8Q_sebGRkAM,https://youtu.be/8Q_sebGRkAM,82,2022-07-10,2022-07-10 09:29:05
66,MnrC9mk2H1o,https://youtu.be/MnrC9mk2H1o,83,2022-07-10,2022-07-10 09:29:05
67,FsNGxsrcZas,https://youtu.be/FsNGxsrcZas,84,2022-07-10,2022-07-10 09:29:05
68,pKdBFeewZYE,https://youtu.be/pKdBFeewZYE,85,2022-07-10,2022-07-10 09:29:05
69,3yFu0IbJZPw,https://youtu.be/3yFu0IbJZPw,86,2022-07-10,2022-07-10 09:29:05
70,WVyUMjcnNvQ,https://youtu.be/WVyUMjcnNvQ,89,2022-07-10,2022-07-10 09:29:05
71,_s89AJJVTWs,https://youtu.be/_s89AJJVTWs,91,2022-07-10,2022-07-10 09:29:05
72,7InqrH1TCI8,https://youtu.be/7InqrH1TCI8,92,2022-07-10,2022-07-10 09:29:05
73,lqJOMjdO390,https://youtu.be/lqJOMjdO390,93,2022-07-10,2022-07-10 09:29:05
74,CvPnthTC1WQ,https://youtu.be/CvPnthTC1WQ,94,2022-07-10,2022-07-10 09:29:05
75,1emA1EFsPMM,https://youtu.be/1emA1EFsPMM,95,2022-07-10,2022-07-10 09:29:05
76,g8pf2jmkRZo,https://youtu.be/g8pf2jmkRZo,96,2022-07-10,2022-07-10 09:29:05
77,_hqhHsP8yrQ,https://youtu.be/_hqhHsP8yrQ,97,2022-07-10,2022-07-10 09:29:05
0,d2HTkEdyG2A,https://youtu.be/d2HTkEdyG2A,1,2022-07-11,2022-07-11 19:21:55
1,TmaAOV4SJNQ,https://youtu.be/TmaAOV4SJNQ,2,2022-07-11,2022-07-11 19:21:55
2,2ZTT-6HXYnc,https://youtu.be/2ZTT-6HXYnc,3,2022-07-11,2022-07-11 19:21:55
3,Sr0kkxwp58E,https://youtu.be/Sr0kkxwp58E,4,2022-07-11,2022-07-11 19:21:55
4,LywyC3KqAXM,https://youtu.be/LywyC3KqAXM,5,2022-07-11,2022-07-11 19:21:55
5,q5r8agEI0X8,https://youtu.be/q5r8agEI0X8,6,2022-07-11,2022-07-11 19:21:55
6,nopEs-K4ExM,https://youtu.be/nopEs-K4ExM,7,2022-07-11,2022-07-11 19:21:55
7,EORcE-hKjoQ,https://youtu.be/EORcE-hKjoQ,8,2022-07-11,2022-07-11 19:21:55
8,5nH0G061KzU,https://youtu.be/5nH0G061KzU,9,2022-07-11,2022-07-11 19:21:55
9,14_-LgigVWg,https://youtu.be/14_-LgigVWg,10,2022-07-11,2022-07-11 19:21:55
10,IzoHFQZIaic,https://youtu.be/IzoHFQZIaic,11,2022-07-11,2022-07-11 19:21:55
11,F550jL4zgXc,https://youtu.be/F550jL4zgXc,12,2022-07-11,2022-07-11 19:21:55
12,nopiGhxmXe8,https://youtu.be/nopiGhxmXe8,13,2022-07-11,2022-07-11 19:21:55
13,f0B13M6yY8c,https://youtu.be/f0B13M6yY8c,14,2022-07-11,2022-07-11 19:21:55
14,WOyA0KeNW6E,https://youtu.be/WOyA0KeNW6E,15,2022-07-11,2022-07-11 19:21:55
15,MupFuw1CNFc,https://youtu.be/MupFuw1CNFc,16,2022-07-11,2022-07-11 19:21:55
16,FoIm2sKyzNM,https://youtu.be/FoIm2sKyzNM,17,2022-07-11,2022-07-11 19:21:55
17,VeVm02IkrXg,https://youtu.be/VeVm02IkrXg,18,2022-07-11,2022-07-11 19:21:55
18,PQANZXNuBAI,https://youtu.be/PQANZXNuBAI,19,2022-07-11,2022-07-11 19:21:55
19,Nolyceq2KZk,https://youtu.be/Nolyceq2KZk,20,2022-07-11,2022-07-11 19:21:55
20,-J-NI4BSqOw,https://youtu.be/-J-NI4BSqOw,21,2022-07-11,2022-07-11 19:21:55
21,5ClWDIInX0M,https://youtu.be/5ClWDIInX0M,22,2022-07-11,2022-07-11 19:21:55
22,Qlxe5a2mXFc,https://youtu.be/Qlxe5a2mXFc,23,2022-07-11,2022-07-11 19:21:55
23,-7rntSmx1bU,https://youtu.be/-7rntSmx1bU,24,2022-07-11,2022-07-11 19:21:55
24,G_8mOQeSa2U,https://youtu.be/G_8mOQeSa2U,25,2022-07-11,2022-07-11 19:21:55
25,0k9wIsKKgqo,https://youtu.be/0k9wIsKKgqo,26,2022-07-11,2022-07-11 19:21:55
26,Oxv6fhMaVw4,https://youtu.be/Oxv6fhMaVw4,27,2022-07-11,2022-07-11 19:21:55
27,g1RathGXshI,https://youtu.be/g1RathGXshI,28,2022-07-11,2022-07-11 19:21:55
28,UrkPC81_QfU,https://youtu.be/UrkPC81_QfU,29,2022-07-11,2022-07-11 19:21:55
29,lDV5cM9YE4g,https://youtu.be/lDV5cM9YE4g,30,2022-07-11,2022-07-11 19:21:55
30,A4AcCtQLE54,https://youtu.be/A4AcCtQLE54,31,2022-07-11,2022-07-11 19:21:55
31,UBOgAUvBB1c,https://youtu.be/UBOgAUvBB1c,32,2022-07-11,2022-07-11 19:21:55
32,S1ud-xuAQ0Q,https://youtu.be/S1ud-xuAQ0Q,33,2022-07-11,2022-07-11 19:21:55
33,WY30e-oC2T0,https://youtu.be/WY30e-oC2T0,34,2022-07-11,2022-07-11 19:21:55
34,7IhGqTu0wAI,https://youtu.be/7IhGqTu0wAI,35,2022-07-11,2022-07-11 19:21:55
35,hv-sKLEafZE,https://youtu.be/hv-sKLEafZE,36,2022-07-11,2022-07-11 19:21:55
36,gSet97gR6GY,https://youtu.be/gSet97gR6GY,37,2022-07-11,2022-07-11 19:21:55
37,thl3zCK3W7Y,https://youtu.be/thl3zCK3W7Y,38,2022-07-11,2022-07-11 19:21:55
38,oi_UIEC8HpA,https://youtu.be/oi_UIEC8HpA,39,2022-07-11,2022-07-11 19:21:55
39,VQ7ux5TcKr8,https://youtu.be/VQ7ux5TcKr8,40,2022-07-11,2022-07-11 19:21:55
40,xC4lEnSqAEU,https://youtu.be/xC4lEnSqAEU,41,2022-07-11,2022-07-11 19:21:55
41,q_V01KiZJQE,https://youtu.be/q_V01KiZJQE,42,2022-07-11,2022-07-11 19:21:55
42,fDYnJRhv_fs,https://youtu.be/fDYnJRhv_fs,43,2022-07-11,2022-07-11 19:21:55
43,q62_haWIi0c,https://youtu.be/q62_haWIi0c,44,2022-07-11,2022-07-11 19:21:55
44,ZTZuHTeH5zc,https://youtu.be/ZTZuHTeH5zc,45,2022-07-11,2022-07-11 19:21:55
45,gb2myD-KW6k,https://youtu.be/gb2myD-KW6k,46,2022-07-11,2022-07-11 19:21:55
46,153VhCmsQFU,https://youtu.be/153VhCmsQFU,47,2022-07-11,2022-07-11 19:21:55
47,JKLppGH2N6o,https://youtu.be/JKLppGH2N6o,48,2022-07-11,2022-07-11 19:21:55
48,UmuIInSbJmE,https://youtu.be/UmuIInSbJmE,49,2022-07-11,2022-07-11 19:21:55
49,AyogOw1jqfA,https://youtu.be/AyogOw1jqfA,50,2022-07-11,2022-07-11 19:21:55
50,DPMluEVUqS0,https://youtu.be/DPMluEVUqS0,51,2022-07-11,2022-07-11 19:21:55
51,lKrLBPmRsrM,https://youtu.be/lKrLBPmRsrM,52,2022-07-11,2022-07-11 19:21:55
52,WB4LhvhLzlw,https://youtu.be/WB4LhvhLzlw,53,2022-07-11,2022-07-11 19:21:55
53,37cGDXk4bRo,https://youtu.be/37cGDXk4bRo,56,2022-07-11,2022-07-11 19:21:55
54,uwllF3lvGLQ,https://youtu.be/uwllF3lvGLQ,57,2022-07-11,2022-07-11 19:21:55
55,T1QUEKLNPtA,https://youtu.be/T1QUEKLNPtA,59,2022-07-11,2022-07-11 19:21:55
56,EDZ25anwgjc,https://youtu.be/EDZ25anwgjc,60,2022-07-11,2022-07-11 19:21:55
57,h6epv1BfL-c,https://youtu.be/h6epv1BfL-c,61,2022-07-11,2022-07-11 19:21:55
58,lW7VOqIo33Y,https://youtu.be/lW7VOqIo33Y,62,2022-07-11,2022-07-11 19:21:55
59,5mYDyxMDwaw,https://youtu.be/5mYDyxMDwaw,63,2022-07-11,2022-07-11 19:21:55
60,hxWSp-8jJuo,https://youtu.be/hxWSp-8jJuo,64,2022-07-11,2022-07-11 19:21:55
61,3lFeUuNPEy0,https://youtu.be/3lFeUuNPEy0,65,2022-07-11,2022-07-11 19:21:55
62,yPq82zClQ-g,https://youtu.be/yPq82zClQ-g,66,2022-07-11,2022-07-11 19:21:55
63,51bF3tzEkLQ,https://youtu.be/51bF3tzEkLQ,67,2022-07-11,2022-07-11 19:21:55
64,FbkWJNGklO4,https://youtu.be/FbkWJNGklO4,68,2022-07-11,2022-07-11 19:21:55
65,4dESmtswQ58,https://youtu.be/4dESmtswQ58,69,2022-07-11,2022-07-11 19:21:55
66,xcGiyOxZpCw,https://youtu.be/xcGiyOxZpCw,70,2022-07-11,2022-07-11 19:21:55
67,dIQGI36BxDE,https://youtu.be/dIQGI36BxDE,71,2022-07-11,2022-07-11 19:21:55
68,clqcg1FZrnI,https://youtu.be/clqcg1FZrnI,72,2022-07-11,2022-07-11 19:21:55
69,nEAJQ6H5dSI,https://youtu.be/nEAJQ6H5dSI,73,2022-07-11,2022-07-11 19:21:55
70,4-scgxYeVdc,https://youtu.be/4-scgxYeVdc,74,2022-07-11,2022-07-11 19:21:55
71,N4PPGuW7czQ,https://youtu.be/N4PPGuW7czQ,77,2022-07-11,2022-07-11 19:21:55
72,iO24VRJAwVU,https://youtu.be/iO24VRJAwVU,79,2022-07-11,2022-07-11 19:21:55
73,dYRITmpFbJ4,https://youtu.be/dYRITmpFbJ4,80,2022-07-11,2022-07-11 19:21:55
74,agyTmQ-UOWg,https://youtu.be/agyTmQ-UOWg,81,2022-07-11,2022-07-11 19:21:55
75,Ri_VVDbpkdY,https://youtu.be/Ri_VVDbpkdY,84,2022-07-11,2022-07-11 19:21:55
76,vsYgJo_c-mc,https://youtu.be/vsYgJo_c-mc,85,2022-07-11,2022-07-11 19:21:55
77,JZpnVTc7BPM,https://youtu.be/JZpnVTc7BPM,86,2022-07-11,2022-07-11 19:21:55
78,mpDrrasELK0,https://youtu.be/mpDrrasELK0,87,2022-07-11,2022-07-11 19:21:55
79,cmCZ27U_-wg,https://youtu.be/cmCZ27U_-wg,88,2022-07-11,2022-07-11 19:21:55
80,8Q_sebGRkAM,https://youtu.be/8Q_sebGRkAM,89,2022-07-11,2022-07-11 19:21:55
81,FsNGxsrcZas,https://youtu.be/FsNGxsrcZas,93,2022-07-11,2022-07-11 19:21:55
82,venrE8gdz30,https://youtu.be/venrE8gdz30,94,2022-07-11,2022-07-11 19:21:55
83,87nG3LuabUs,https://youtu.be/87nG3LuabUs,95,2022-07-11,2022-07-11 19:21:55
84,MnrC9mk2H1o,https://youtu.be/MnrC9mk2H1o,96,2022-07-11,2022-07-11 19:21:55
85,7InqrH1TCI8,https://youtu.be/7InqrH1TCI8,97,2022-07-11,2022-07-11 19:21:55
0,LXl1nckE5zI,https://youtu.be/LXl1nckE5zI,1,2022-07-12,2022-07-12 21:28:11
1,q03cc1n8RVA,https://youtu.be/q03cc1n8RVA,2,2022-07-12,2022-07-12 21:28:11
2,pd1hy_uohzM,https://youtu.be/pd1hy_uohzM,3,2022-07-12,2022-07-12 21:28:11
3,vjqt8T3tJIE,https://youtu.be/vjqt8T3tJIE,4,2022-07-12,2022-07-12 21:28:11
4,fjlIzqu-ay0,https://youtu.be/fjlIzqu-ay0,5,2022-07-12,2022-07-12 21:28:11
5,qD937gye50o,https://youtu.be/qD937gye50o,6,2022-07-12,2022-07-12 21:28:11
6,E6Z4xjEjFcs,https://youtu.be/E6Z4xjEjFcs,7,2022-07-12,2022-07-12 21:28:11
7,WfVF-Ec4naQ,https://youtu.be/WfVF-Ec4naQ,8,2022-07-12,2022-07-12 21:28:11
8,p9bbBYcwFOk,https://youtu.be/p9bbBYcwFOk,9,2022-07-12,2022-07-12 21:28:11
9,HPmar1m5VrI,https://youtu.be/HPmar1m5VrI,10,2022-07-12,2022-07-12 21:28:11
10,X45uvccd5rA,https://youtu.be/X45uvccd5rA,11,2022-07-12,2022-07-12 21:28:11
11,NYEZGDRPUJo,https://youtu.be/NYEZGDRPUJo,12,2022-07-12,2022-07-12 21:28:11
12,asNgWAsNTjc,https://youtu.be/asNgWAsNTjc,13,2022-07-12,2022-07-12 21:28:11
13,TmaAOV4SJNQ,https://youtu.be/TmaAOV4SJNQ,14,2022-07-12,2022-07-12 21:28:11
14,nwDI8PIRkis,https://youtu.be/nwDI8PIRkis,15,2022-07-12,2022-07-12 21:28:11
15,j69f7TTkS1Y,https://youtu.be/j69f7TTkS1Y,16,2022-07-12,2022-07-12 21:28:11
16,nBDHqquK_8k,https://youtu.be/nBDHqquK_8k,17,2022-07-12,2022-07-12 21:28:11
17,v9GQupPnzOM,https://youtu.be/v9GQupPnzOM,18,2022-07-12,2022-07-12 21:28:11
18,BhBJnMmV4Uc,https://youtu.be/BhBJnMmV4Uc,19,2022-07-12,2022-07-12 21:28:11
19,IJ_J8TlR9Hs,https://youtu.be/IJ_J8TlR9Hs,20,2022-07-12,2022-07-12 21:28:11
20,B5j_wke37KE,https://youtu.be/B5j_wke37KE,21,2022-07-12,2022-07-12 21:28:11
21,2ZTT-6HXYnc,https://youtu.be/2ZTT-6HXYnc,22,2022-07-12,2022-07-12 21:28:11
22,05Yiw7_JTXY,https://youtu.be/05Yiw7_JTXY,23,2022-07-12,2022-07-12 21:28:11
23,Sr0kkxwp58E,https://youtu.be/Sr0kkxwp58E,24,2022-07-12,2022-07-12 21:28:11
24,UbqJ7JObVBM,https://youtu.be/UbqJ7JObVBM,25,2022-07-12,2022-07-12 21:28:11
25,bqV4MfSArLs,https://youtu.be/bqV4MfSArLs,26,2022-07-12,2022-07-12 21:28:11
26,_A09PFS5T9A,https://youtu.be/_A09PFS5T9A,27,2022-07-12,2022-07-12 21:28:11
27,Y29YQGewfk4,https://youtu.be/Y29YQGewfk4,28,2022-07-12,2022-07-12 21:28:11
28,Jkq6LnL82mE,https://youtu.be/Jkq6LnL82mE,29,2022-07-12,2022-07-12 21:28:11
29,q5r8agEI0X8,https://youtu.be/q5r8agEI0X8,30,2022-07-12,2022-07-12 21:28:11
30,EU96s14zgLk,https://youtu.be/EU96s14zgLk,31,2022-07-12,2022-07-12 21:28:11
31,d2HTkEdyG2A,https://youtu.be/d2HTkEdyG2A,32,2022-07-12,2022-07-12 21:28:11
32,0m0w1wEReOI,https://youtu.be/0m0w1wEReOI,33,2022-07-12,2022-07-12 21:28:11
33,LywyC3KqAXM,https://youtu.be/LywyC3KqAXM,34,2022-07-12,2022-07-12 21:28:11
34,YMn3l72MD8U,https://youtu.be/YMn3l72MD8U,35,2022-07-12,2022-07-12 21:28:11
35,cn1IuIaaVI8,https://youtu.be/cn1IuIaaVI8,36,2022-07-12,2022-07-12 21:28:11
36,JRYVwriiQfk,https://youtu.be/JRYVwriiQfk,37,2022-07-12,2022-07-12 21:28:11
37,OnbfU5I7tuY,https://youtu.be/OnbfU5I7tuY,38,2022-07-12,2022-07-12 21:28:11
38,VFWqfL-0ucI,https://youtu.be/VFWqfL-0ucI,39,2022-07-12,2022-07-12 21:28:11
39,p2ixWxZy5TU,https://youtu.be/p2ixWxZy5TU,40,2022-07-12,2022-07-12 21:28:11
40,5ClWDIInX0M,https://youtu.be/5ClWDIInX0M,41,2022-07-12,2022-07-12 21:28:11
41,nopEs-K4ExM,https://youtu.be/nopEs-K4ExM,42,2022-07-12,2022-07-12 21:28:11
42,IzoHFQZIaic,https://youtu.be/IzoHFQZIaic,43,2022-07-12,2022-07-12 21:28:11
43,5nH0G061KzU,https://youtu.be/5nH0G061KzU,44,2022-07-12,2022-07-12 21:28:11
44,14_-LgigVWg,https://youtu.be/14_-LgigVWg,45,2022-07-12,2022-07-12 21:28:11
45,pD27ooOjM3U,https://youtu.be/pD27ooOjM3U,46,2022-07-12,2022-07-12 21:28:11
46,F550jL4zgXc,https://youtu.be/F550jL4zgXc,47,2022-07-12,2022-07-12 21:28:11
47,f0B13M6yY8c,https://youtu.be/f0B13M6yY8c,48,2022-07-12,2022-07-12 21:28:11
48,VeVm02IkrXg,https://youtu.be/VeVm02IkrXg,49,2022-07-12,2022-07-12 21:28:11
49,lDV5cM9YE4g,https://youtu.be/lDV5cM9YE4g,50,2022-07-12,2022-07-12 21:28:11
50,DPMluEVUqS0,https://youtu.be/DPMluEVUqS0,51,2022-07-12,2022-07-12 21:28:11
51,lKrLBPmRsrM,https://youtu.be/lKrLBPmRsrM,52,2022-07-12,2022-07-12 21:28:11
52,fDYnJRhv_fs,https://youtu.be/fDYnJRhv_fs,54,2022-07-12,2022-07-12 21:28:11
53,uwllF3lvGLQ,https://youtu.be/uwllF3lvGLQ,56,2022-07-12,2022-07-12 21:28:11
54,EDZ25anwgjc,https://youtu.be/EDZ25anwgjc,57,2022-07-12,2022-07-12 21:28:11
55,37cGDXk4bRo,https://youtu.be/37cGDXk4bRo,59,2022-07-12,2022-07-12 21:28:11
56,T1QUEKLNPtA,https://youtu.be/T1QUEKLNPtA,60,2022-07-12,2022-07-12 21:28:11
57,h6epv1BfL-c,https://youtu.be/h6epv1BfL-c,62,2022-07-12,2022-07-12 21:28:11
58,lW7VOqIo33Y,https://youtu.be/lW7VOqIo33Y,63,2022-07-12,2022-07-12 21:28:11
59,hxWSp-8jJuo,https://youtu.be/hxWSp-8jJuo,64,2022-07-12,2022-07-12 21:28:11
60,3lFeUuNPEy0,https://youtu.be/3lFeUuNPEy0,68,2022-07-12,2022-07-12 21:28:11
61,51bF3tzEkLQ,https://youtu.be/51bF3tzEkLQ,69,2022-07-12,2022-07-12 21:28:11
62,5mYDyxMDwaw,https://youtu.be/5mYDyxMDwaw,70,2022-07-12,2022-07-12 21:28:11
63,yPq82zClQ-g,https://youtu.be/yPq82zClQ-g,71,2022-07-12,2022-07-12 21:28:11
64,nEAJQ6H5dSI,https://youtu.be/nEAJQ6H5dSI,72,2022-07-12,2022-07-12 21:28:11
65,FbkWJNGklO4,https://youtu.be/FbkWJNGklO4,73,2022-07-12,2022-07-12 21:28:11
66,4dESmtswQ58,https://youtu.be/4dESmtswQ58,74,2022-07-12,2022-07-12 21:28:11
67,WB4LhvhLzlw,https://youtu.be/WB4LhvhLzlw,75,2022-07-12,2022-07-12 21:28:11
68,clqcg1FZrnI,https://youtu.be/clqcg1FZrnI,76,2022-07-12,2022-07-12 21:28:11
69,dIQGI36BxDE,https://youtu.be/dIQGI36BxDE,77,2022-07-12,2022-07-12 21:28:11
70,xcGiyOxZpCw,https://youtu.be/xcGiyOxZpCw,78,2022-07-12,2022-07-12 21:28:11
71,iO24VRJAwVU,https://youtu.be/iO24VRJAwVU,79,2022-07-12,2022-07-12 21:28:11
72,gSet97gR6GY,https://youtu.be/gSet97gR6GY,81,2022-07-12,2022-07-12 21:28:11
73,4-scgxYeVdc,https://youtu.be/4-scgxYeVdc,82,2022-07-12,2022-07-12 21:28:11
74,agyTmQ-UOWg,https://youtu.be/agyTmQ-UOWg,83,2022-07-12,2022-07-12 21:28:11
75,dYRITmpFbJ4,https://youtu.be/dYRITmpFbJ4,84,2022-07-12,2022-07-12 21:28:11
76,FoIm2sKyzNM,https://youtu.be/FoIm2sKyzNM,85,2022-07-12,2022-07-12 21:28:11
77,153VhCmsQFU,https://youtu.be/153VhCmsQFU,88,2022-07-12,2022-07-12 21:28:11
78,N4PPGuW7czQ,https://youtu.be/N4PPGuW7czQ,89,2022-07-12,2022-07-12 21:28:11
79,UrkPC81_QfU,https://youtu.be/UrkPC81_QfU,90,2022-07-12,2022-07-12 21:28:11
80,Ri_VVDbpkdY,https://youtu.be/Ri_VVDbpkdY,91,2022-07-12,2022-07-12 21:28:11
81,-7bIDbaU_zQ,https://youtu.be/-7bIDbaU_zQ,92,2022-07-12,2022-07-12 21:28:11
82,cmCZ27U_-wg,https://youtu.be/cmCZ27U_-wg,94,2022-07-12,2022-07-12 21:28:11
83,vsYgJo_c-mc,https://youtu.be/vsYgJo_c-mc,97,2022-07-12,2022-07-12 21:28:11
0,M6X1ONPCdFU,https://youtu.be/M6X1ONPCdFU,1,2022-07-13,2022-07-13 20:05:36
1,LhkEPfudDjE,https://youtu.be/LhkEPfudDjE,2,2022-07-13,2022-07-13 20:05:36
2,ioNnrzTu8IE,https://youtu.be/ioNnrzTu8IE,3,2022-07-13,2022-07-13 20:05:36
3,TmmN-qFM3KI,https://youtu.be/TmmN-qFM3KI,4,2022-07-13,2022-07-13 20:05:36
4,2EwH_unvjS0,https://youtu.be/2EwH_unvjS0,5,2022-07-13,2022-07-13 20:05:36
5,fi749-CkMAU,https://youtu.be/fi749-CkMAU,6,2022-07-13,2022-07-13 20:05:36
6,pDvJjVpmzAI,https://youtu.be/pDvJjVpmzAI,7,2022-07-13,2022-07-13 20:05:36
7,vjbBaai9ZA8,https://youtu.be/vjbBaai9ZA8,8,2022-07-13,2022-07-13 20:05:36
8,J6r6ELbn3p4,https://youtu.be/J6r6ELbn3p4,9,2022-07-13,2022-07-13 20:05:36
9,q03cc1n8RVA,https://youtu.be/q03cc1n8RVA,10,2022-07-13,2022-07-13 20:05:36
10,LXl1nckE5zI,https://youtu.be/LXl1nckE5zI,11,2022-07-13,2022-07-13 20:05:36
11,nmMRMIE3MGw,https://youtu.be/nmMRMIE3MGw,12,2022-07-13,2022-07-13 20:05:36
12,V90e0w8wzvI,https://youtu.be/V90e0w8wzvI,13,2022-07-13,2022-07-13 20:05:36
13,3jT_Zui1Am8,https://youtu.be/3jT_Zui1Am8,14,2022-07-13,2022-07-13 20:05:36
14,orNd-Z3TFPo,https://youtu.be/orNd-Z3TFPo,15,2022-07-13,2022-07-13 20:05:36
15,gL_LIAm22Mc,https://youtu.be/gL_LIAm22Mc,16,2022-07-13,2022-07-13 20:05:36
16,z6xXgUlBxwg,https://youtu.be/z6xXgUlBxwg,17,2022-07-13,2022-07-13 20:05:36
17,fjlIzqu-ay0,https://youtu.be/fjlIzqu-ay0,18,2022-07-13,2022-07-13 20:05:36
18,0VNQ6_hSA8o,https://youtu.be/0VNQ6_hSA8o,19,2022-07-13,2022-07-13 20:05:36
19,qD937gye50o,https://youtu.be/qD937gye50o,20,2022-07-13,2022-07-13 20:05:36
20,pd1hy_uohzM,https://youtu.be/pd1hy_uohzM,21,2022-07-13,2022-07-13 20:05:36
21,qbSJ_JuN4uk,https://youtu.be/qbSJ_JuN4uk,22,2022-07-13,2022-07-13 20:05:36
22,85mkaSt_ZAE,https://youtu.be/85mkaSt_ZAE,23,2022-07-13,2022-07-13 20:05:36
23,vjqt8T3tJIE,https://youtu.be/vjqt8T3tJIE,24,2022-07-13,2022-07-13 20:05:36
24,qOGQv0hJNJ8,https://youtu.be/qOGQv0hJNJ8,25,2022-07-13,2022-07-13 20:05:36
25,KRBckVKELBQ,https://youtu.be/KRBckVKELBQ,26,2022-07-13,2022-07-13 20:05:36
26,eoWcQUjNM8o,https://youtu.be/eoWcQUjNM8o,27,2022-07-13,2022-07-13 20:05:36
27,uZeEhUCAeac,https://youtu.be/uZeEhUCAeac,28,2022-07-13,2022-07-13 20:05:36
28,d2HTkEdyG2A,https://youtu.be/d2HTkEdyG2A,29,2022-07-13,2022-07-13 20:05:36
29,sqeDwQwNa9Q,https://youtu.be/sqeDwQwNa9Q,30,2022-07-13,2022-07-13 20:05:36
30,RC8u7RJe-TE,https://youtu.be/RC8u7RJe-TE,31,2022-07-13,2022-07-13 20:05:36
31,E6Z4xjEjFcs,https://youtu.be/E6Z4xjEjFcs,32,2022-07-13,2022-07-13 20:05:36
32,8BMXHQg9WqE,https://youtu.be/8BMXHQg9WqE,33,2022-07-13,2022-07-13 20:05:36
33,y9yOzqnzWx0,https://youtu.be/y9yOzqnzWx0,34,2022-07-13,2022-07-13 20:05:36
34,aS8R6WPsYd0,https://youtu.be/aS8R6WPsYd0,35,2022-07-13,2022-07-13 20:05:36
35,IbMQPFSNoG0,https://youtu.be/IbMQPFSNoG0,36,2022-07-13,2022-07-13 20:05:36
36,p9bbBYcwFOk,https://youtu.be/p9bbBYcwFOk,37,2022-07-13,2022-07-13 20:05:36
37,X45uvccd5rA,https://youtu.be/X45uvccd5rA,38,2022-07-13,2022-07-13 20:05:36
38,cDlGFbBipCo,https://youtu.be/cDlGFbBipCo,39,2022-07-13,2022-07-13 20:05:36
39,WfVF-Ec4naQ,https://youtu.be/WfVF-Ec4naQ,40,2022-07-13,2022-07-13 20:05:36
40,oxFAA4DSlSE,https://youtu.be/oxFAA4DSlSE,41,2022-07-13,2022-07-13 20:05:36
41,LSKuIH_Vxuc,https://youtu.be/LSKuIH_Vxuc,42,2022-07-13,2022-07-13 20:05:36
42,iATfsTDDRos,https://youtu.be/iATfsTDDRos,43,2022-07-13,2022-07-13 20:05:36
43,3ygE5DPwRJY,https://youtu.be/3ygE5DPwRJY,44,2022-07-13,2022-07-13 20:05:36
44,HPmar1m5VrI,https://youtu.be/HPmar1m5VrI,45,2022-07-13,2022-07-13 20:05:36
45,jamN-W2s00U,https://youtu.be/jamN-W2s00U,46,2022-07-13,2022-07-13 20:05:36
46,nwDI8PIRkis,https://youtu.be/nwDI8PIRkis,47,2022-07-13,2022-07-13 20:05:36
47,NYEZGDRPUJo,https://youtu.be/NYEZGDRPUJo,48,2022-07-13,2022-07-13 20:05:36
48,L2xMi7inB28,https://youtu.be/L2xMi7inB28,49,2022-07-13,2022-07-13 20:05:36
49,k6ldlNkmjqg,https://youtu.be/k6ldlNkmjqg,50,2022-07-13,2022-07-13 20:05:36
50,j69f7TTkS1Y,https://youtu.be/j69f7TTkS1Y,51,2022-07-13,2022-07-13 20:05:36
51,asNgWAsNTjc,https://youtu.be/asNgWAsNTjc,52,2022-07-13,2022-07-13 20:05:36
52,nBDHqquK_8k,https://youtu.be/nBDHqquK_8k,53,2022-07-13,2022-07-13 20:05:36
53,DPMluEVUqS0,https://youtu.be/DPMluEVUqS0,54,2022-07-13,2022-07-13 20:05:36
54,nopEs-K4ExM,https://youtu.be/nopEs-K4ExM,55,2022-07-13,2022-07-13 20:05:36
55,Sr0kkxwp58E,https://youtu.be/Sr0kkxwp58E,60,2022-07-13,2022-07-13 20:05:36
56,lKrLBPmRsrM,https://youtu.be/lKrLBPmRsrM,61,2022-07-13,2022-07-13 20:05:36
57,fDYnJRhv_fs,https://youtu.be/fDYnJRhv_fs,62,2022-07-13,2022-07-13 20:05:36
58,uwllF3lvGLQ,https://youtu.be/uwllF3lvGLQ,63,2022-07-13,2022-07-13 20:05:36
59,WB4LhvhLzlw,https://youtu.be/WB4LhvhLzlw,64,2022-07-13,2022-07-13 20:05:36
60,EDZ25anwgjc,https://youtu.be/EDZ25anwgjc,65,2022-07-13,2022-07-13 20:05:36
61,2ZTT-6HXYnc,https://youtu.be/2ZTT-6HXYnc,66,2022-07-13,2022-07-13 20:05:36
62,hxWSp-8jJuo,https://youtu.be/hxWSp-8jJuo,70,2022-07-13,2022-07-13 20:05:36
63,37cGDXk4bRo,https://youtu.be/37cGDXk4bRo,71,2022-07-13,2022-07-13 20:05:36
64,T1QUEKLNPtA,https://youtu.be/T1QUEKLNPtA,72,2022-07-13,2022-07-13 20:05:36
65,lW7VOqIo33Y,https://youtu.be/lW7VOqIo33Y,74,2022-07-13,2022-07-13 20:05:36
66,h6epv1BfL-c,https://youtu.be/h6epv1BfL-c,75,2022-07-13,2022-07-13 20:05:36
67,TmaAOV4SJNQ,https://youtu.be/TmaAOV4SJNQ,76,2022-07-13,2022-07-13 20:05:36
68,3lFeUuNPEy0,https://youtu.be/3lFeUuNPEy0,77,2022-07-13,2022-07-13 20:05:36
69,51bF3tzEkLQ,https://youtu.be/51bF3tzEkLQ,78,2022-07-13,2022-07-13 20:05:36
70,nEAJQ6H5dSI,https://youtu.be/nEAJQ6H5dSI,79,2022-07-13,2022-07-13 20:05:36
71,5mYDyxMDwaw,https://youtu.be/5mYDyxMDwaw,82,2022-07-13,2022-07-13 20:05:36
72,yPq82zClQ-g,https://youtu.be/yPq82zClQ-g,84,2022-07-13,2022-07-13 20:05:36
73,FbkWJNGklO4,https://youtu.be/FbkWJNGklO4,85,2022-07-13,2022-07-13 20:05:36
74,4dESmtswQ58,https://youtu.be/4dESmtswQ58,86,2022-07-13,2022-07-13 20:05:36
75,iO24VRJAwVU,https://youtu.be/iO24VRJAwVU,87,2022-07-13,2022-07-13 20:05:36
76,clqcg1FZrnI,https://youtu.be/clqcg1FZrnI,88,2022-07-13,2022-07-13 20:05:36
77,dIQGI36BxDE,https://youtu.be/dIQGI36BxDE,89,2022-07-13,2022-07-13 20:05:36
78,xcGiyOxZpCw,https://youtu.be/xcGiyOxZpCw,91,2022-07-13,2022-07-13 20:05:36
79,q5r8agEI0X8,https://youtu.be/q5r8agEI0X8,94,2022-07-13,2022-07-13 20:05:36
80,UrkPC81_QfU,https://youtu.be/UrkPC81_QfU,95,2022-07-13,2022-07-13 20:05:36
81,dYRITmpFbJ4,https://youtu.be/dYRITmpFbJ4,97,2022-07-13,2022-07-13 20:05:36
82,-7bIDbaU_zQ,https://youtu.be/-7bIDbaU_zQ,98,2022-07-13,2022-07-13 20:05:36
83,agyTmQ-UOWg,https://youtu.be/agyTmQ-UOWg,99,2022-07-13,2022-07-13 20:05:36
84,4-scgxYeVdc,https://youtu.be/4-scgxYeVdc,100,2022-07-13,2022-07-13 20:05:36
85,153VhCmsQFU,https://youtu.be/153VhCmsQFU,101,2022-07-13,2022-07-13 20:05:36
0,4VaqA-5aQTM,https://youtu.be/4VaqA-5aQTM,1,2022-07-14,2022-07-14 19:54:55
1,LhkEPfudDjE,https://youtu.be/LhkEPfudDjE,2,2022-07-14,2022-07-14 19:54:55
2,F-5ipT5tcUY,https://youtu.be/F-5ipT5tcUY,3,2022-07-14,2022-07-14 19:54:55
3,MsSlybwjgxc,https://youtu.be/MsSlybwjgxc,4,2022-07-14,2022-07-14 19:54:55
4,kYeEv9vqmxo,https://youtu.be/kYeEv9vqmxo,5,2022-07-14,2022-07-14 19:54:55
5,M6X1ONPCdFU,https://youtu.be/M6X1ONPCdFU,6,2022-07-14,2022-07-14 19:54:55
6,ioNnrzTu8IE,https://youtu.be/ioNnrzTu8IE,7,2022-07-14,2022-07-14 19:54:55
7,jJ_4VHxUf2I,https://youtu.be/jJ_4VHxUf2I,8,2022-07-14,2022-07-14 19:54:55
8,eHGuWDzQpcM,https://youtu.be/eHGuWDzQpcM,9,2022-07-14,2022-07-14 19:54:55
9,hMpjSCnfTdw,https://youtu.be/hMpjSCnfTdw,10,2022-07-14,2022-07-14 19:54:55
10,GPyiLpcs5fc,https://youtu.be/GPyiLpcs5fc,11,2022-07-14,2022-07-14 19:54:55
11,jovhrozCkyI,https://youtu.be/jovhrozCkyI,12,2022-07-14,2022-07-14 19:54:55
12,hLQ-5exgctI,https://youtu.be/hLQ-5exgctI,13,2022-07-14,2022-07-14 19:54:55
13,TgbajKDd63s,https://youtu.be/TgbajKDd63s,14,2022-07-14,2022-07-14 19:54:55
14,vjbBaai9ZA8,https://youtu.be/vjbBaai9ZA8,15,2022-07-14,2022-07-14 19:54:55
15,iYYn2UdCrXk,https://youtu.be/iYYn2UdCrXk,16,2022-07-14,2022-07-14 19:54:55
16,8jcol4twYr4,https://youtu.be/8jcol4twYr4,17,2022-07-14,2022-07-14 19:54:55
17,Omj10ulxn28,https://youtu.be/Omj10ulxn28,18,2022-07-14,2022-07-14 19:54:55
18,Si1zwxW-Cfs,https://youtu.be/Si1zwxW-Cfs,19,2022-07-14,2022-07-14 19:54:55
19,pDvJjVpmzAI,https://youtu.be/pDvJjVpmzAI,20,2022-07-14,2022-07-14 19:54:55
20,IKLgXGNBqWo,https://youtu.be/IKLgXGNBqWo,21,2022-07-14,2022-07-14 19:54:55
21,_uX6of3vBu0,https://youtu.be/_uX6of3vBu0,22,2022-07-14,2022-07-14 19:54:55
22,ZXknr_QfTgU,https://youtu.be/ZXknr_QfTgU,23,2022-07-14,2022-07-14 19:54:55
23,5zZyiY23OpY,https://youtu.be/5zZyiY23OpY,24,2022-07-14,2022-07-14 19:54:55
24,_277y06xruQ,https://youtu.be/_277y06xruQ,25,2022-07-14,2022-07-14 19:54:55
25,78DcSvhF1W0,https://youtu.be/78DcSvhF1W0,26,2022-07-14,2022-07-14 19:54:55
26,3jT_Zui1Am8,https://youtu.be/3jT_Zui1Am8,27,2022-07-14,2022-07-14 19:54:55
27,J6r6ELbn3p4,https://youtu.be/J6r6ELbn3p4,28,2022-07-14,2022-07-14 19:54:55
28,4vsQ-WpIyJA,https://youtu.be/4vsQ-WpIyJA,29,2022-07-14,2022-07-14 19:54:55
29,FovIyqov1uA,https://youtu.be/FovIyqov1uA,30,2022-07-14,2022-07-14 19:54:55
30,q03cc1n8RVA,https://youtu.be/q03cc1n8RVA,31,2022-07-14,2022-07-14 19:54:55
31,kmwKGEO1pLo,https://youtu.be/kmwKGEO1pLo,32,2022-07-14,2022-07-14 19:54:55
32,4P94HcMEY8A,https://youtu.be/4P94HcMEY8A,33,2022-07-14,2022-07-14 19:54:55
33,hxf-fIubkMs,https://youtu.be/hxf-fIubkMs,34,2022-07-14,2022-07-14 19:54:55
34,N6a5-8_kt3E,https://youtu.be/N6a5-8_kt3E,35,2022-07-14,2022-07-14 19:54:55
35,0VNQ6_hSA8o,https://youtu.be/0VNQ6_hSA8o,36,2022-07-14,2022-07-14 19:54:55
36,7ZU9cCzS7YM,https://youtu.be/7ZU9cCzS7YM,37,2022-07-14,2022-07-14 19:54:55
37,HTku_hHR1Og,https://youtu.be/HTku_hHR1Og,38,2022-07-14,2022-07-14 19:54:55
38,809LRTgwWKI,https://youtu.be/809LRTgwWKI,39,2022-07-14,2022-07-14 19:54:55
39,JfCGJxTB0Bk,https://youtu.be/JfCGJxTB0Bk,40,2022-07-14,2022-07-14 19:54:55
40,LXl1nckE5zI,https://youtu.be/LXl1nckE5zI,41,2022-07-14,2022-07-14 19:54:55
41,nmMRMIE3MGw,https://youtu.be/nmMRMIE3MGw,42,2022-07-14,2022-07-14 19:54:55
42,8ul1PBMZEnM,https://youtu.be/8ul1PBMZEnM,43,2022-07-14,2022-07-14 19:54:55
43,orNd-Z3TFPo,https://youtu.be/orNd-Z3TFPo,44,2022-07-14,2022-07-14 19:54:55
44,fjlIzqu-ay0,https://youtu.be/fjlIzqu-ay0,45,2022-07-14,2022-07-14 19:54:55
45,RC8u7RJe-TE,https://youtu.be/RC8u7RJe-TE,46,2022-07-14,2022-07-14 19:54:55
46,V90e0w8wzvI,https://youtu.be/V90e0w8wzvI,47,2022-07-14,2022-07-14 19:54:55
47,qD937gye50o,https://youtu.be/qD937gye50o,48,2022-07-14,2022-07-14 19:54:55
48,pd1hy_uohzM,https://youtu.be/pd1hy_uohzM,49,2022-07-14,2022-07-14 19:54:55
49,d2HTkEdyG2A,https://youtu.be/d2HTkEdyG2A,50,2022-07-14,2022-07-14 19:54:55
50,DPMluEVUqS0,https://youtu.be/DPMluEVUqS0,51,2022-07-14,2022-07-14 19:54:55
51,nopEs-K4ExM,https://youtu.be/nopEs-K4ExM,53,2022-07-14,2022-07-14 19:54:55
52,uwllF3lvGLQ,https://youtu.be/uwllF3lvGLQ,58,2022-07-14,2022-07-14 19:54:55
53,Sr0kkxwp58E,https://youtu.be/Sr0kkxwp58E,59,2022-07-14,2022-07-14 19:54:55
54,lKrLBPmRsrM,https://youtu.be/lKrLBPmRsrM,60,2022-07-14,2022-07-14 19:54:55
55,EDZ25anwgjc,https://youtu.be/EDZ25anwgjc,61,2022-07-14,2022-07-14 19:54:55
56,vjqt8T3tJIE,https://youtu.be/vjqt8T3tJIE,62,2022-07-14,2022-07-14 19:54:55
57,fDYnJRhv_fs,https://youtu.be/fDYnJRhv_fs,63,2022-07-14,2022-07-14 19:54:55
58,WB4LhvhLzlw,https://youtu.be/WB4LhvhLzlw,65,2022-07-14,2022-07-14 19:54:55
59,2ZTT-6HXYnc,https://youtu.be/2ZTT-6HXYnc,66,2022-07-14,2022-07-14 19:54:55
60,hxWSp-8jJuo,https://youtu.be/hxWSp-8jJuo,67,2022-07-14,2022-07-14 19:54:55
61,37cGDXk4bRo,https://youtu.be/37cGDXk4bRo,72,2022-07-14,2022-07-14 19:54:55
62,3lFeUuNPEy0,https://youtu.be/3lFeUuNPEy0,73,2022-07-14,2022-07-14 19:54:55
63,TmaAOV4SJNQ,https://youtu.be/TmaAOV4SJNQ,74,2022-07-14,2022-07-14 19:54:55
64,p9bbBYcwFOk,https://youtu.be/p9bbBYcwFOk,75,2022-07-14,2022-07-14 19:54:55
65,lW7VOqIo33Y,https://youtu.be/lW7VOqIo33Y,76,2022-07-14,2022-07-14 19:54:55
66,51bF3tzEkLQ,https://youtu.be/51bF3tzEkLQ,77,2022-07-14,2022-07-14 19:54:55
67,h6epv1BfL-c,https://youtu.be/h6epv1BfL-c,78,2022-07-14,2022-07-14 19:54:55
68,nEAJQ6H5dSI,https://youtu.be/nEAJQ6H5dSI,79,2022-07-14,2022-07-14 19:54:55
69,E6Z4xjEjFcs,https://youtu.be/E6Z4xjEjFcs,80,2022-07-14,2022-07-14 19:54:55
70,T1QUEKLNPtA,https://youtu.be/T1QUEKLNPtA,82,2022-07-14,2022-07-14 19:54:55
71,yPq82zClQ-g,https://youtu.be/yPq82zClQ-g,84,2022-07-14,2022-07-14 19:54:55
72,5mYDyxMDwaw,https://youtu.be/5mYDyxMDwaw,85,2022-07-14,2022-07-14 19:54:55
73,iO24VRJAwVU,https://youtu.be/iO24VRJAwVU,86,2022-07-14,2022-07-14 19:54:55
74,WfVF-Ec4naQ,https://youtu.be/WfVF-Ec4naQ,87,2022-07-14,2022-07-14 19:54:55
75,FbkWJNGklO4,https://youtu.be/FbkWJNGklO4,88,2022-07-14,2022-07-14 19:54:55
76,HPmar1m5VrI,https://youtu.be/HPmar1m5VrI,89,2022-07-14,2022-07-14 19:54:55
77,4dESmtswQ58,https://youtu.be/4dESmtswQ58,90,2022-07-14,2022-07-14 19:54:55
78,NYEZGDRPUJo,https://youtu.be/NYEZGDRPUJo,91,2022-07-14,2022-07-14 19:54:55
79,q5r8agEI0X8,https://youtu.be/q5r8agEI0X8,92,2022-07-14,2022-07-14 19:54:55
80,clqcg1FZrnI,https://youtu.be/clqcg1FZrnI,93,2022-07-14,2022-07-14 19:54:55
81,UrkPC81_QfU,https://youtu.be/UrkPC81_QfU,94,2022-07-14,2022-07-14 19:54:55
82,-7bIDbaU_zQ,https://youtu.be/-7bIDbaU_zQ,95,2022-07-14,2022-07-14 19:54:55
83,dIQGI36BxDE,https://youtu.be/dIQGI36BxDE,96,2022-07-14,2022-07-14 19:54:55
84,xcGiyOxZpCw,https://youtu.be/xcGiyOxZpCw,97,2022-07-14,2022-07-14 19:54:55
0,QmpTkkaKYSU,https://youtu.be/QmpTkkaKYSU,1,2022-07-15,2022-07-15 21:14:56
1,Hbb5GPxXF1w,https://youtu.be/Hbb5GPxXF1w,2,2022-07-15,2022-07-15 21:14:56
2,ewgCqJDI_Nk,https://youtu.be/ewgCqJDI_Nk,3,2022-07-15,2022-07-15 21:14:56
3,SUgynjSphOQ,https://youtu.be/SUgynjSphOQ,4,2022-07-15,2022-07-15 21:14:56
4,Ar9hJpv4B78,https://youtu.be/Ar9hJpv4B78,5,2022-07-15,2022-07-15 21:14:56
5,rY2QcaOc6rc,https://youtu.be/rY2QcaOc6rc,6,2022-07-15,2022-07-15 21:14:56
6,TlPCflWZFiQ,https://youtu.be/TlPCflWZFiQ,7,2022-07-15,2022-07-15 21:14:56
7,P2BxWLEKXNs,https://youtu.be/P2BxWLEKXNs,8,2022-07-15,2022-07-15 21:14:56
8,WtC1SDzElkY,https://youtu.be/WtC1SDzElkY,9,2022-07-15,2022-07-15 21:14:56
9,cGJIl1TM074,https://youtu.be/cGJIl1TM074,10,2022-07-15,2022-07-15 21:14:56
10,EDlMdJDowuc,https://youtu.be/EDlMdJDowuc,11,2022-07-15,2022-07-15 21:14:56
11,QpWd7J9oT40,https://youtu.be/QpWd7J9oT40,12,2022-07-15,2022-07-15 21:14:56
12,Jb88eui8SqQ,https://youtu.be/Jb88eui8SqQ,13,2022-07-15,2022-07-15 21:14:56
13,cTkV-rQQ-IQ,https://youtu.be/cTkV-rQQ-IQ,14,2022-07-15,2022-07-15 21:14:56
14,DmyE4aTgc3A,https://youtu.be/DmyE4aTgc3A,15,2022-07-15,2022-07-15 21:14:56
15,pALkutZ82JE,https://youtu.be/pALkutZ82JE,16,2022-07-15,2022-07-15 21:14:56
16,3nezihD0QDU,https://youtu.be/3nezihD0QDU,17,2022-07-15,2022-07-15 21:14:56
17,yis52iAkYlQ,https://youtu.be/yis52iAkYlQ,18,2022-07-15,2022-07-15 21:14:56
18,QALcoy1Llhc,https://youtu.be/QALcoy1Llhc,19,2022-07-15,2022-07-15 21:14:56
19,1YUBbF24H44,https://youtu.be/1YUBbF24H44,20,2022-07-15,2022-07-15 21:14:56
20,4VaqA-5aQTM,https://youtu.be/4VaqA-5aQTM,21,2022-07-15,2022-07-15 21:14:56
21,PzUKeGZiEl0,https://youtu.be/PzUKeGZiEl0,22,2022-07-15,2022-07-15 21:14:56
22,3ugXlrQhrH0,https://youtu.be/3ugXlrQhrH0,23,2022-07-15,2022-07-15 21:14:56
23,zal_TKDTJOk,https://youtu.be/zal_TKDTJOk,24,2022-07-15,2022-07-15 21:14:56
24,Gza2V9SvDWw,https://youtu.be/Gza2V9SvDWw,25,2022-07-15,2022-07-15 21:14:56
25,bvTfEaiEFL0,https://youtu.be/bvTfEaiEFL0,26,2022-07-15,2022-07-15 21:14:56
26,LhkEPfudDjE,https://youtu.be/LhkEPfudDjE,27,2022-07-15,2022-07-15 21:14:56
27,IlinJJGxwEM,https://youtu.be/IlinJJGxwEM,28,2022-07-15,2022-07-15 21:14:56
28,kYeEv9vqmxo,https://youtu.be/kYeEv9vqmxo,29,2022-07-15,2022-07-15 21:14:56
29,YnhmTYXSk8I,https://youtu.be/YnhmTYXSk8I,30,2022-07-15,2022-07-15 21:14:56
30,xMfxIPQtUqI,https://youtu.be/xMfxIPQtUqI,31,2022-07-15,2022-07-15 21:14:56
31,YCGIj7KmwyI,https://youtu.be/YCGIj7KmwyI,32,2022-07-15,2022-07-15 21:14:56
32,fMIn43MiwG8,https://youtu.be/fMIn43MiwG8,33,2022-07-15,2022-07-15 21:14:56
33,omEuqt19Uhs,https://youtu.be/omEuqt19Uhs,34,2022-07-15,2022-07-15 21:14:56
34,eEFVxI9lqjU,https://youtu.be/eEFVxI9lqjU,35,2022-07-15,2022-07-15 21:14:56
35,BSlMAJ7SkMA,https://youtu.be/BSlMAJ7SkMA,36,2022-07-15,2022-07-15 21:14:56
36,7K2J-cO_tOI,https://youtu.be/7K2J-cO_tOI,37,2022-07-15,2022-07-15 21:14:56
37,MsSlybwjgxc,https://youtu.be/MsSlybwjgxc,38,2022-07-15,2022-07-15 21:14:56
38,UGK5eIuWxb4,https://youtu.be/UGK5eIuWxb4,39,2022-07-15,2022-07-15 21:14:56
39,hMpjSCnfTdw,https://youtu.be/hMpjSCnfTdw,40,2022-07-15,2022-07-15 21:14:56
40,F-5ipT5tcUY,https://youtu.be/F-5ipT5tcUY,41,2022-07-15,2022-07-15 21:14:56
41,gqYaqBVT5vM,https://youtu.be/gqYaqBVT5vM,42,2022-07-15,2022-07-15 21:14:56
42,MoAFxpzvOxA,https://youtu.be/MoAFxpzvOxA,43,2022-07-15,2022-07-15 21:14:56
43,Nlzpmt2VQgk,https://youtu.be/Nlzpmt2VQgk,44,2022-07-15,2022-07-15 21:14:56
44,MnKtDaF1xWk,https://youtu.be/MnKtDaF1xWk,45,2022-07-15,2022-07-15 21:14:56
45,xGtxu6yrdBA,https://youtu.be/xGtxu6yrdBA,46,2022-07-15,2022-07-15 21:14:56
46,ioNnrzTu8IE,https://youtu.be/ioNnrzTu8IE,47,2022-07-15,2022-07-15 21:14:56
47,eSlAJMsM6CM,https://youtu.be/eSlAJMsM6CM,48,2022-07-15,2022-07-15 21:14:56
48,hyWaLzrdJEg,https://youtu.be/hyWaLzrdJEg,49,2022-07-15,2022-07-15 21:14:56
49,IMKW-ifxikE,https://youtu.be/IMKW-ifxikE,50,2022-07-15,2022-07-15 21:14:56
50,z6xXgUlBxwg,https://youtu.be/z6xXgUlBxwg,51,2022-07-15,2022-07-15 21:14:56
51,vjbBaai9ZA8,https://youtu.be/vjbBaai9ZA8,52,2022-07-15,2022-07-15 21:14:56
52,Si1zwxW-Cfs,https://youtu.be/Si1zwxW-Cfs,53,2022-07-15,2022-07-15 21:14:56
53,iYYn2UdCrXk,https://youtu.be/iYYn2UdCrXk,54,2022-07-15,2022-07-15 21:14:56
54,IKLgXGNBqWo,https://youtu.be/IKLgXGNBqWo,55,2022-07-15,2022-07-15 21:14:56
55,d2HTkEdyG2A,https://youtu.be/d2HTkEdyG2A,56,2022-07-15,2022-07-15 21:14:56
56,M6X1ONPCdFU,https://youtu.be/M6X1ONPCdFU,57,2022-07-15,2022-07-15 21:14:56
57,DPMluEVUqS0,https://youtu.be/DPMluEVUqS0,59,2022-07-15,2022-07-15 21:14:56
58,nopEs-K4ExM,https://youtu.be/nopEs-K4ExM,60,2022-07-15,2022-07-15 21:14:56
59,fjlIzqu-ay0,https://youtu.be/fjlIzqu-ay0,62,2022-07-15,2022-07-15 21:14:56
60,q03cc1n8RVA,https://youtu.be/q03cc1n8RVA,63,2022-07-15,2022-07-15 21:14:56
61,LXl1nckE5zI,https://youtu.be/LXl1nckE5zI,64,2022-07-15,2022-07-15 21:14:56
62,uwllF3lvGLQ,https://youtu.be/uwllF3lvGLQ,65,2022-07-15,2022-07-15 21:14:56
63,vjqt8T3tJIE,https://youtu.be/vjqt8T3tJIE,66,2022-07-15,2022-07-15 21:14:56
64,EDZ25anwgjc,https://youtu.be/EDZ25anwgjc,67,2022-07-15,2022-07-15 21:14:56
65,Sr0kkxwp58E,https://youtu.be/Sr0kkxwp58E,68,2022-07-15,2022-07-15 21:14:56
66,lKrLBPmRsrM,https://youtu.be/lKrLBPmRsrM,69,2022-07-15,2022-07-15 21:14:56
67,pd1hy_uohzM,https://youtu.be/pd1hy_uohzM,70,2022-07-15,2022-07-15 21:14:56
68,fDYnJRhv_fs,https://youtu.be/fDYnJRhv_fs,71,2022-07-15,2022-07-15 21:14:56
69,WB4LhvhLzlw,https://youtu.be/WB4LhvhLzlw,73,2022-07-15,2022-07-15 21:14:56
70,2ZTT-6HXYnc,https://youtu.be/2ZTT-6HXYnc,74,2022-07-15,2022-07-15 21:14:56
71,hxWSp-8jJuo,https://youtu.be/hxWSp-8jJuo,75,2022-07-15,2022-07-15 21:14:56
72,qD937gye50o,https://youtu.be/qD937gye50o,78,2022-07-15,2022-07-15 21:14:56
73,p9bbBYcwFOk,https://youtu.be/p9bbBYcwFOk,79,2022-07-15,2022-07-15 21:14:56
74,3lFeUuNPEy0,https://youtu.be/3lFeUuNPEy0,81,2022-07-15,2022-07-15 21:14:56
75,pDvJjVpmzAI,https://youtu.be/pDvJjVpmzAI,82,2022-07-15,2022-07-15 21:14:56
76,TmaAOV4SJNQ,https://youtu.be/TmaAOV4SJNQ,83,2022-07-15,2022-07-15 21:14:56
77,nEAJQ6H5dSI,https://youtu.be/nEAJQ6H5dSI,84,2022-07-15,2022-07-15 21:14:56
78,51bF3tzEkLQ,https://youtu.be/51bF3tzEkLQ,85,2022-07-15,2022-07-15 21:14:56
79,lW7VOqIo33Y,https://youtu.be/lW7VOqIo33Y,86,2022-07-15,2022-07-15 21:14:56
80,h6epv1BfL-c,https://youtu.be/h6epv1BfL-c,88,2022-07-15,2022-07-15 21:14:56
81,37cGDXk4bRo,https://youtu.be/37cGDXk4bRo,89,2022-07-15,2022-07-15 21:14:56
82,E6Z4xjEjFcs,https://youtu.be/E6Z4xjEjFcs,91,2022-07-15,2022-07-15 21:14:56
83,WfVF-Ec4naQ,https://youtu.be/WfVF-Ec4naQ,92,2022-07-15,2022-07-15 21:14:56
84,iO24VRJAwVU,https://youtu.be/iO24VRJAwVU,93,2022-07-15,2022-07-15 21:14:56
85,3jT_Zui1Am8,https://youtu.be/3jT_Zui1Am8,94,2022-07-15,2022-07-15 21:14:56
86,HPmar1m5VrI,https://youtu.be/HPmar1m5VrI,95,2022-07-15,2022-07-15 21:14:56
87,yPq82zClQ-g,https://youtu.be/yPq82zClQ-g,96,2022-07-15,2022-07-15 21:14:56
88,NYEZGDRPUJo,https://youtu.be/NYEZGDRPUJo,97,2022-07-15,2022-07-15 21:14:56
89,J6r6ELbn3p4,https://youtu.be/J6r6ELbn3p4,98,2022-07-15,2022-07-15 21:14:56
90,FbkWJNGklO4,https://youtu.be/FbkWJNGklO4,99,2022-07-15,2022-07-15 21:14:56
91,5mYDyxMDwaw,https://youtu.be/5mYDyxMDwaw,100,2022-07-15,2022-07-15 21:14:56
92,q5r8agEI0X8,https://youtu.be/q5r8agEI0X8,101,2022-07-15,2022-07-15 21:14:56
93,4dESmtswQ58,https://youtu.be/4dESmtswQ58,102,2022-07-15,2022-07-15 21:14:56
94,UrkPC81_QfU,https://youtu.be/UrkPC81_QfU,103,2022-07-15,2022-07-15 21:14:56
0,QmpTkkaKYSU,https://youtu.be/QmpTkkaKYSU,1,2022-07-16,2022-07-16 16:15:01
1,cGJIl1TM074,https://youtu.be/cGJIl1TM074,2,2022-07-16,2022-07-16 16:15:01
2,Hbb5GPxXF1w,https://youtu.be/Hbb5GPxXF1w,3,2022-07-16,2022-07-16 16:15:01
3,EDlMdJDowuc,https://youtu.be/EDlMdJDowuc,4,2022-07-16,2022-07-16 16:15:01
4,QpWd7J9oT40,https://youtu.be/QpWd7J9oT40,5,2022-07-16,2022-07-16 16:15:01
5,ewgCqJDI_Nk,https://youtu.be/ewgCqJDI_Nk,6,2022-07-16,2022-07-16 16:15:01
6,Jb88eui8SqQ,https://youtu.be/Jb88eui8SqQ,7,2022-07-16,2022-07-16 16:15:01
7,1YUBbF24H44,https://youtu.be/1YUBbF24H44,8,2022-07-16,2022-07-16 16:15:01
8,cTkV-rQQ-IQ,https://youtu.be/cTkV-rQQ-IQ,9,2022-07-16,2022-07-16 16:15:01
9,3nezihD0QDU,https://youtu.be/3nezihD0QDU,10,2022-07-16,2022-07-16 16:15:01
10,DmyE4aTgc3A,https://youtu.be/DmyE4aTgc3A,11,2022-07-16,2022-07-16 16:15:01
11,pALkutZ82JE,https://youtu.be/pALkutZ82JE,12,2022-07-16,2022-07-16 16:15:01
12,PzUKeGZiEl0,https://youtu.be/PzUKeGZiEl0,13,2022-07-16,2022-07-16 16:15:01
13,yis52iAkYlQ,https://youtu.be/yis52iAkYlQ,14,2022-07-16,2022-07-16 16:15:01
14,QALcoy1Llhc,https://youtu.be/QALcoy1Llhc,15,2022-07-16,2022-07-16 16:15:01
15,4VaqA-5aQTM,https://youtu.be/4VaqA-5aQTM,16,2022-07-16,2022-07-16 16:15:01
16,-CcwIezIh5o,https://youtu.be/-CcwIezIh5o,17,2022-07-16,2022-07-16 16:15:01
17,zal_TKDTJOk,https://youtu.be/zal_TKDTJOk,18,2022-07-16,2022-07-16 16:15:01
18,IlinJJGxwEM,https://youtu.be/IlinJJGxwEM,19,2022-07-16,2022-07-16 16:15:01
19,3ugXlrQhrH0,https://youtu.be/3ugXlrQhrH0,20,2022-07-16,2022-07-16 16:15:01
20,2NdluzeDNow,https://youtu.be/2NdluzeDNow,21,2022-07-16,2022-07-16 16:15:01
21,omEuqt19Uhs,https://youtu.be/omEuqt19Uhs,22,2022-07-16,2022-07-16 16:15:01
22,7K2J-cO_tOI,https://youtu.be/7K2J-cO_tOI,23,2022-07-16,2022-07-16 16:15:01
23,Gza2V9SvDWw,https://youtu.be/Gza2V9SvDWw,24,2022-07-16,2022-07-16 16:15:01
24,xMfxIPQtUqI,https://youtu.be/xMfxIPQtUqI,25,2022-07-16,2022-07-16 16:15:01
25,YCGIj7KmwyI,https://youtu.be/YCGIj7KmwyI,26,2022-07-16,2022-07-16 16:15:01
26,fMIn43MiwG8,https://youtu.be/fMIn43MiwG8,27,2022-07-16,2022-07-16 16:15:01
27,bvTfEaiEFL0,https://youtu.be/bvTfEaiEFL0,28,2022-07-16,2022-07-16 16:15:01
28,LhkEPfudDjE,https://youtu.be/LhkEPfudDjE,29,2022-07-16,2022-07-16 16:15:01
29,YnhmTYXSk8I,https://youtu.be/YnhmTYXSk8I,30,2022-07-16,2022-07-16 16:15:01
30,BSlMAJ7SkMA,https://youtu.be/BSlMAJ7SkMA,31,2022-07-16,2022-07-16 16:15:01
31,ksTTS0aCEc8,https://youtu.be/ksTTS0aCEc8,32,2022-07-16,2022-07-16 16:15:01
32,MsSlybwjgxc,https://youtu.be/MsSlybwjgxc,33,2022-07-16,2022-07-16 16:15:01
33,UGK5eIuWxb4,https://youtu.be/UGK5eIuWxb4,34,2022-07-16,2022-07-16 16:15:01
34,hMpjSCnfTdw,https://youtu.be/hMpjSCnfTdw,35,2022-07-16,2022-07-16 16:15:01
35,F-5ipT5tcUY,https://youtu.be/F-5ipT5tcUY,36,2022-07-16,2022-07-16 16:15:01
36,MnKtDaF1xWk,https://youtu.be/MnKtDaF1xWk,37,2022-07-16,2022-07-16 16:15:01
37,xGtxu6yrdBA,https://youtu.be/xGtxu6yrdBA,38,2022-07-16,2022-07-16 16:15:01
38,MoAFxpzvOxA,https://youtu.be/MoAFxpzvOxA,39,2022-07-16,2022-07-16 16:15:01
39,gqYaqBVT5vM,https://youtu.be/gqYaqBVT5vM,40,2022-07-16,2022-07-16 16:15:01
40,Nlzpmt2VQgk,https://youtu.be/Nlzpmt2VQgk,41,2022-07-16,2022-07-16 16:15:01
41,eSlAJMsM6CM,https://youtu.be/eSlAJMsM6CM,42,2022-07-16,2022-07-16 16:15:01
42,ioNnrzTu8IE,https://youtu.be/ioNnrzTu8IE,43,2022-07-16,2022-07-16 16:15:01
43,IMKW-ifxikE,https://youtu.be/IMKW-ifxikE,44,2022-07-16,2022-07-16 16:15:01
44,Omj10ulxn28,https://youtu.be/Omj10ulxn28,45,2022-07-16,2022-07-16 16:15:01
45,vjbBaai9ZA8,https://youtu.be/vjbBaai9ZA8,46,2022-07-16,2022-07-16 16:15:01
46,z6xXgUlBxwg,https://youtu.be/z6xXgUlBxwg,47,2022-07-16,2022-07-16 16:15:01
47,Si1zwxW-Cfs,https://youtu.be/Si1zwxW-Cfs,48,2022-07-16,2022-07-16 16:15:01
48,5zZyiY23OpY,https://youtu.be/5zZyiY23OpY,49,2022-07-16,2022-07-16 16:15:01
49,iYYn2UdCrXk,https://youtu.be/iYYn2UdCrXk,50,2022-07-16,2022-07-16 16:15:01
50,d2HTkEdyG2A,https://youtu.be/d2HTkEdyG2A,51,2022-07-16,2022-07-16 16:15:01
51,M6X1ONPCdFU,https://youtu.be/M6X1ONPCdFU,52,2022-07-16,2022-07-16 16:15:01
52,nopEs-K4ExM,https://youtu.be/nopEs-K4ExM,54,2022-07-16,2022-07-16 16:15:01
53,DPMluEVUqS0,https://youtu.be/DPMluEVUqS0,55,2022-07-16,2022-07-16 16:15:01
54,fjlIzqu-ay0,https://youtu.be/fjlIzqu-ay0,58,2022-07-16,2022-07-16 16:15:01
55,q03cc1n8RVA,https://youtu.be/q03cc1n8RVA,59,2022-07-16,2022-07-16 16:15:01
56,vjqt8T3tJIE,https://youtu.be/vjqt8T3tJIE,60,2022-07-16,2022-07-16 16:15:01
57,uwllF3lvGLQ,https://youtu.be/uwllF3lvGLQ,61,2022-07-16,2022-07-16 16:15:01
58,LXl1nckE5zI,https://youtu.be/LXl1nckE5zI,62,2022-07-16,2022-07-16 16:15:01
59,EDZ25anwgjc,https://youtu.be/EDZ25anwgjc,63,2022-07-16,2022-07-16 16:15:01
60,Sr0kkxwp58E,https://youtu.be/Sr0kkxwp58E,67,2022-07-16,2022-07-16 16:15:01
61,pd1hy_uohzM,https://youtu.be/pd1hy_uohzM,68,2022-07-16,2022-07-16 16:15:01
62,lKrLBPmRsrM,https://youtu.be/lKrLBPmRsrM,69,2022-07-16,2022-07-16 16:15:01
63,fDYnJRhv_fs,https://youtu.be/fDYnJRhv_fs,72,2022-07-16,2022-07-16 16:15:01
64,hxWSp-8jJuo,https://youtu.be/hxWSp-8jJuo,75,2022-07-16,2022-07-16 16:15:01
65,WB4LhvhLzlw,https://youtu.be/WB4LhvhLzlw,76,2022-07-16,2022-07-16 16:15:01
66,2ZTT-6HXYnc,https://youtu.be/2ZTT-6HXYnc,77,2022-07-16,2022-07-16 16:15:01
67,3lFeUuNPEy0,https://youtu.be/3lFeUuNPEy0,78,2022-07-16,2022-07-16 16:15:01
68,p9bbBYcwFOk,https://youtu.be/p9bbBYcwFOk,80,2022-07-16,2022-07-16 16:15:01
69,qD937gye50o,https://youtu.be/qD937gye50o,82,2022-07-16,2022-07-16 16:15:01
70,nEAJQ6H5dSI,https://youtu.be/nEAJQ6H5dSI,85,2022-07-16,2022-07-16 16:15:01
71,51bF3tzEkLQ,https://youtu.be/51bF3tzEkLQ,86,2022-07-16,2022-07-16 16:15:01
72,TmaAOV4SJNQ,https://youtu.be/TmaAOV4SJNQ,87,2022-07-16,2022-07-16 16:15:01
73,3jT_Zui1Am8,https://youtu.be/3jT_Zui1Am8,88,2022-07-16,2022-07-16 16:15:01
74,pDvJjVpmzAI,https://youtu.be/pDvJjVpmzAI,89,2022-07-16,2022-07-16 16:15:01
75,T1QUEKLNPtA,https://youtu.be/T1QUEKLNPtA,90,2022-07-16,2022-07-16 16:15:01
76,lW7VOqIo33Y,https://youtu.be/lW7VOqIo33Y,91,2022-07-16,2022-07-16 16:15:01
77,h6epv1BfL-c,https://youtu.be/h6epv1BfL-c,93,2022-07-16,2022-07-16 16:15:01
78,WfVF-Ec4naQ,https://youtu.be/WfVF-Ec4naQ,94,2022-07-16,2022-07-16 16:15:01
79,iO24VRJAwVU,https://youtu.be/iO24VRJAwVU,96,2022-07-16,2022-07-16 16:15:01
80,NYEZGDRPUJo,https://youtu.be/NYEZGDRPUJo,97,2022-07-16,2022-07-16 16:15:01
81,E6Z4xjEjFcs,https://youtu.be/E6Z4xjEjFcs,98,2022-07-16,2022-07-16 16:15:01
0,dyJJ1cZRo_Y,https://youtu.be/dyJJ1cZRo_Y,1,2022-07-17,2022-07-17 09:35:29
1,FSF34cVTKuI,https://youtu.be/FSF34cVTKuI,2,2022-07-17,2022-07-17 09:35:29
2,lDkGLFGbTsE,https://youtu.be/lDkGLFGbTsE,3,2022-07-17,2022-07-17 09:35:29
3,X1EA8vgu7xs,https://youtu.be/X1EA8vgu7xs,4,2022-07-17,2022-07-17 09:35:29
4,fIgysTSIXfE,https://youtu.be/fIgysTSIXfE,5,2022-07-17,2022-07-17 09:35:29
5,x6trJeN-xuM,https://youtu.be/x6trJeN-xuM,6,2022-07-17,2022-07-17 09:35:29
6,4HW-86qsmf8,https://youtu.be/4HW-86qsmf8,7,2022-07-17,2022-07-17 09:35:29
7,Ft5acImIVnE,https://youtu.be/Ft5acImIVnE,8,2022-07-17,2022-07-17 09:35:29
8,rykPPUWaO4Q,https://youtu.be/rykPPUWaO4Q,9,2022-07-17,2022-07-17 09:35:29
9,ehNVbrS1sEM,https://youtu.be/ehNVbrS1sEM,10,2022-07-17,2022-07-17 09:35:29
10,009cMHJI3dk,https://youtu.be/009cMHJI3dk,11,2022-07-17,2022-07-17 09:35:29
11,BW3Vu9vo3OY,https://youtu.be/BW3Vu9vo3OY,12,2022-07-17,2022-07-17 09:35:29
12,afWIHvAOwkE,https://youtu.be/afWIHvAOwkE,13,2022-07-17,2022-07-17 09:35:29
13,JbeFiCMlsiM,https://youtu.be/JbeFiCMlsiM,14,2022-07-17,2022-07-17 09:35:29
14,lTLN9raIwfQ,https://youtu.be/lTLN9raIwfQ,15,2022-07-17,2022-07-17 09:35:29
15,WjT-c6BOswY,https://youtu.be/WjT-c6BOswY,16,2022-07-17,2022-07-17 09:35:29
16,P5vn5EsAuOs,https://youtu.be/P5vn5EsAuOs,17,2022-07-17,2022-07-17 09:35:29
17,4_BLSHb9uhI,https://youtu.be/4_BLSHb9uhI,18,2022-07-17,2022-07-17 09:35:29
18,eMQuofsOOzo,https://youtu.be/eMQuofsOOzo,19,2022-07-17,2022-07-17 09:35:29
19,QmpTkkaKYSU,https://youtu.be/QmpTkkaKYSU,20,2022-07-17,2022-07-17 09:35:29
20,Jq-vNtHrl2g,https://youtu.be/Jq-vNtHrl2g,21,2022-07-17,2022-07-17 09:35:29
21,EDlMdJDowuc,https://youtu.be/EDlMdJDowuc,22,2022-07-17,2022-07-17 09:35:29
22,cGJIl1TM074,https://youtu.be/cGJIl1TM074,23,2022-07-17,2022-07-17 09:35:29
23,Hbb5GPxXF1w,https://youtu.be/Hbb5GPxXF1w,24,2022-07-17,2022-07-17 09:35:29
24,uOFtHFy9EoI,https://youtu.be/uOFtHFy9EoI,25,2022-07-17,2022-07-17 09:35:29
25,dOoZ7XFsoTg,https://youtu.be/dOoZ7XFsoTg,26,2022-07-17,2022-07-17 09:35:29
26,CqNNOiZMldM,https://youtu.be/CqNNOiZMldM,27,2022-07-17,2022-07-17 09:35:29
27,XvrrFzyKF1A,https://youtu.be/XvrrFzyKF1A,28,2022-07-17,2022-07-17 09:35:29
28,QpWd7J9oT40,https://youtu.be/QpWd7J9oT40,29,2022-07-17,2022-07-17 09:35:29
29,1ccHS6Ws-Xk,https://youtu.be/1ccHS6Ws-Xk,30,2022-07-17,2022-07-17 09:35:29
30,JCLuNN7hY1k,https://youtu.be/JCLuNN7hY1k,31,2022-07-17,2022-07-17 09:35:29
31,ewgCqJDI_Nk,https://youtu.be/ewgCqJDI_Nk,32,2022-07-17,2022-07-17 09:35:29
32,IKib2B4JWMI,https://youtu.be/IKib2B4JWMI,33,2022-07-17,2022-07-17 09:35:29
33,Jb88eui8SqQ,https://youtu.be/Jb88eui8SqQ,34,2022-07-17,2022-07-17 09:35:29
34,qNYNoC7RM4Q,https://youtu.be/qNYNoC7RM4Q,35,2022-07-17,2022-07-17 09:35:29
35,2TQB-7ddAJk,https://youtu.be/2TQB-7ddAJk,36,2022-07-17,2022-07-17 09:35:29
36,3nezihD0QDU,https://youtu.be/3nezihD0QDU,37,2022-07-17,2022-07-17 09:35:29
37,AYkZpDnpq-Q,https://youtu.be/AYkZpDnpq-Q,38,2022-07-17,2022-07-17 09:35:29
38,1YUBbF24H44,https://youtu.be/1YUBbF24H44,39,2022-07-17,2022-07-17 09:35:29
39,4ffKoZXt-BM,https://youtu.be/4ffKoZXt-BM,40,2022-07-17,2022-07-17 09:35:29
40,cTkV-rQQ-IQ,https://youtu.be/cTkV-rQQ-IQ,41,2022-07-17,2022-07-17 09:35:29
41,saRd4beiDww,https://youtu.be/saRd4beiDww,42,2022-07-17,2022-07-17 09:35:29
42,PzUKeGZiEl0,https://youtu.be/PzUKeGZiEl0,43,2022-07-17,2022-07-17 09:35:29
43,DmyE4aTgc3A,https://youtu.be/DmyE4aTgc3A,44,2022-07-17,2022-07-17 09:35:29
44,fU-P6zCMIQw,https://youtu.be/fU-P6zCMIQw,45,2022-07-17,2022-07-17 09:35:29
45,pALkutZ82JE,https://youtu.be/pALkutZ82JE,46,2022-07-17,2022-07-17 09:35:29
46,yis52iAkYlQ,https://youtu.be/yis52iAkYlQ,47,2022-07-17,2022-07-17 09:35:29
47,QALcoy1Llhc,https://youtu.be/QALcoy1Llhc,48,2022-07-17,2022-07-17 09:35:29
48,-CcwIezIh5o,https://youtu.be/-CcwIezIh5o,49,2022-07-17,2022-07-17 09:35:29
49,IlinJJGxwEM,https://youtu.be/IlinJJGxwEM,50,2022-07-17,2022-07-17 09:35:29
50,d2HTkEdyG2A,https://youtu.be/d2HTkEdyG2A,51,2022-07-17,2022-07-17 09:35:29
51,LhkEPfudDjE,https://youtu.be/LhkEPfudDjE,52,2022-07-17,2022-07-17 09:35:29
52,ioNnrzTu8IE,https://youtu.be/ioNnrzTu8IE,53,2022-07-17,2022-07-17 09:35:29
53,4VaqA-5aQTM,https://youtu.be/4VaqA-5aQTM,54,2022-07-17,2022-07-17 09:35:29
54,M6X1ONPCdFU,https://youtu.be/M6X1ONPCdFU,56,2022-07-17,2022-07-17 09:35:29
55,nopEs-K4ExM,https://youtu.be/nopEs-K4ExM,58,2022-07-17,2022-07-17 09:35:29
56,DPMluEVUqS0,https://youtu.be/DPMluEVUqS0,59,2022-07-17,2022-07-17 09:35:29
57,fjlIzqu-ay0,https://youtu.be/fjlIzqu-ay0,61,2022-07-17,2022-07-17 09:35:29
58,q03cc1n8RVA,https://youtu.be/q03cc1n8RVA,62,2022-07-17,2022-07-17 09:35:29
59,vjqt8T3tJIE,https://youtu.be/vjqt8T3tJIE,63,2022-07-17,2022-07-17 09:35:29
60,EDZ25anwgjc,https://youtu.be/EDZ25anwgjc,64,2022-07-17,2022-07-17 09:35:29
61,uwllF3lvGLQ,https://youtu.be/uwllF3lvGLQ,65,2022-07-17,2022-07-17 09:35:29
62,LXl1nckE5zI,https://youtu.be/LXl1nckE5zI,68,2022-07-17,2022-07-17 09:35:29
63,MsSlybwjgxc,https://youtu.be/MsSlybwjgxc,70,2022-07-17,2022-07-17 09:35:29
64,z6xXgUlBxwg,https://youtu.be/z6xXgUlBxwg,73,2022-07-17,2022-07-17 09:35:29
65,pd1hy_uohzM,https://youtu.be/pd1hy_uohzM,75,2022-07-17,2022-07-17 09:35:29
66,vjbBaai9ZA8,https://youtu.be/vjbBaai9ZA8,76,2022-07-17,2022-07-17 09:35:29
67,Sr0kkxwp58E,https://youtu.be/Sr0kkxwp58E,77,2022-07-17,2022-07-17 09:35:29
68,lKrLBPmRsrM,https://youtu.be/lKrLBPmRsrM,80,2022-07-17,2022-07-17 09:35:29
69,fDYnJRhv_fs,https://youtu.be/fDYnJRhv_fs,82,2022-07-17,2022-07-17 09:35:29
70,hxWSp-8jJuo,https://youtu.be/hxWSp-8jJuo,83,2022-07-17,2022-07-17 09:35:29
71,WB4LhvhLzlw,https://youtu.be/WB4LhvhLzlw,89,2022-07-17,2022-07-17 09:35:29
72,2ZTT-6HXYnc,https://youtu.be/2ZTT-6HXYnc,90,2022-07-17,2022-07-17 09:35:29
73,3lFeUuNPEy0,https://youtu.be/3lFeUuNPEy0,91,2022-07-17,2022-07-17 09:35:29
74,p9bbBYcwFOk,https://youtu.be/p9bbBYcwFOk,93,2022-07-17,2022-07-17 09:35:29
75,3jT_Zui1Am8,https://youtu.be/3jT_Zui1Am8,94,2022-07-17,2022-07-17 09:35:29
76,qD937gye50o,https://youtu.be/qD937gye50o,95,2022-07-17,2022-07-17 09:35:29
77,nEAJQ6H5dSI,https://youtu.be/nEAJQ6H5dSI,96,2022-07-17,2022-07-17 09:35:29
78,F-5ipT5tcUY,https://youtu.be/F-5ipT5tcUY,97,2022-07-17,2022-07-17 09:35:29
79,51bF3tzEkLQ,https://youtu.be/51bF3tzEkLQ,99,2022-07-17,2022-07-17 09:35:29
